{"cameraMode":{"drawMode":0,"name":"Shaded","section":"Shading Mode"},"sceneLighting":false,"audioPlay":false,"sceneViewState":{"m_AlwaysRefresh":false,"showFog":true,"showSkybox":false,"showFlares":true,"showImageEffects":true,"showParticleSystems":true,"showVisualEffectGraphs":true,"m_FxEnabled":true},"in2DMode":false,"pivot":{"x":0.5315409898757935,"y":2.4001717567443849,"z":-17.00076675415039},"rotation":{"x":0.001497506396844983,"y":-0.06086031720042229,"z":0.00008833871106617153,"w":0.9981486797332764},"size":1.0618503093719483,"orthographic":false}