{"cameraMode":{"drawMode":0,"name":"Shaded","section":"Shading Mode"},"sceneLighting":false,"audioPlay":false,"sceneViewState":{"m_AlwaysRefresh":false,"showFog":true,"showSkybox":false,"showFlares":true,"showImageEffects":true,"showParticleSystems":true,"showVisualEffectGraphs":true,"m_FxEnabled":true},"in2DMode":false,"pivot":{"x":1.8881523609161378,"y":-0.49499988555908205,"z":14.049999237060547},"rotation":{"x":0.2155524343252182,"y":-0.27341750264167788,"z":0.06300193816423416,"w":0.9353236556053162},"size":9.68539810180664,"orthographic":false}