{"cameraMode":{"drawMode":0,"name":"Shaded","section":"Shading Mode"},"sceneLighting":false,"audioPlay":false,"sceneViewState":{"m_AlwaysRefresh":false,"showFog":true,"showSkybox":false,"showFlares":true,"showImageEffects":true,"showParticleSystems":true,"showVisualEffectGraphs":true,"m_FxEnabled":true},"in2DMode":false,"pivot":{"x":9.888758659362793,"y":0.9716837406158447,"z":13.287720680236817},"rotation":{"x":-0.26394906640052798,"y":0.14600855112075807,"z":-0.040468208491802219,"w":-0.9525769948959351},"size":1.9019912481307984,"orthographic":false}