{"cameraMode":{"drawMode":0,"name":"Shaded","section":"Shading Mode"},"sceneLighting":false,"audioPlay":false,"sceneViewState":{"m_AlwaysRefresh":false,"showFog":true,"showSkybox":false,"showFlares":true,"showImageEffects":true,"showParticleSystems":true,"showVisualEffectGraphs":true,"m_FxEnabled":true},"in2DMode":false,"pivot":{"x":2.1873388290405275,"y":-0.7142822742462158,"z":93.58548736572266},"rotation":{"x":0.2155524343252182,"y":-0.27341750264167788,"z":0.06300193816423416,"w":0.9353236556053162},"size":11.379000663757325,"orthographic":false}