{"cameraMode":{"drawMode":0,"name":"Shaded","section":"Shading Mode"},"sceneLighting":false,"audioPlay":false,"sceneViewState":{"m_AlwaysRefresh":false,"showFog":true,"showSkybox":false,"showFlares":true,"showImageEffects":true,"showParticleSystems":true,"showVisualEffectGraphs":true,"m_FxEnabled":true},"in2DMode":false,"pivot":{"x":-6.3993072509765629,"y":-0.07053232192993164,"z":93.73225402832031},"rotation":{"x":0.030392944812774659,"y":-0.8907136917114258,"z":0.06021330505609512,"w":0.4495408236980438},"size":32.489131927490237,"orthographic":false}